open_timestamp_utc,close_timestamp_utc,open,high,low,close,volume
1568736000,1568739599,100.0,100,98.0,98.0,903.204
1568739600,1568743199,97.99,105,96.002,96.488,2900.407
1568743200,1568746799,96.489,96.489,94.0,95.327,859.783
1568746800,1568750399,95.249,96.413,95.249,96.413,294.791
1568750400,1568753999,96.41,96.91,96.41,96.424,205.431
1568754000,1568757599,96.59,96.7,95.387,96.598,205.624
1568757600,1568761199,96.349,96.349,95.656,95.656,18.553
1568761200,1568764799,95.645,95.645,94.337,94.337,66.353
1568764800,1568768399,94.324,96.555,94.201,94.25,316.504
1568768400,1568771999,94.499,95.282,94.499,95.22,67.17
1568772000,1568775599,95.283,95.443,95.283,95.443,2.248
1568775600,1568779199,95.341,95.45,95.21,95.21,49.176
1568779200,1568782799,95.466,95.466,95.0,95.207,83.696
1568782800,1568786399,95.408,95.408,95.26,95.34,37.108
1568786400,1568789999,95.4,95.616,95.39,95.616,5.114
1568790000,1568793599,95.714,98.0,95.714,97.185,194.853
1568793600,1568797199,97.18,97.18,95.374,95.374,71.639
1568797200,1568800799,95.355,95.355,95.0,95.0,82.817
1568800800,1568804399,95.161,95.699,95.161,95.699,7.0
1568804400,1568807999,95.7,95.7,95.04,95.04,114.632
1568808000,1568811599,95.0,95.5,94.667,95.25,60.511
1568811600,1568815199,95.25,95.886,95.25,95.886,85.719
1568815200,1568818799,95.954,97.794,95.954,97.11,214.16
1568818800,1568822399,97.105,97.105,96.551,96.81,170.446
1568822400,1568825999,96.81,96.81,96.352,96.36,103.177
1568826000,1568829599,96.36,97.326,96.36,97.15,326.604
1568829600,1568833199,97.001,97.311,96.5,97.004,170.24268657
1568833200,1568836799,97.001,97.372,96.856,97.134,129.64914025
1568836800,1568840399,97.065,97.065,96.002,96.973,221.34
1568840400,1568843999,96.971,98.1,96.418,97.065,878.70400789
1568844000,1568847599,97.325,99.501,97.325,98.322,1168.69568623
1568847600,1568851199,98.415,98.415,97.76,97.953,22.94395845
1568851200,1568854799,97.642,98.998,96.98,97.035,427.37575668
1568854800,1568858399,97.386,97.386,95.567,95.571,267.83863618
1568858400,1568861999,95.864,95.882,91.826,92.031,3144.37936025
1568862000,1568865599,94.0,94.444,87.816,91.0,1395.98093401
1568865600,1568869199,90.7,91.499,90.129,90.62,105.39339296
1568869200,1568872799,90.588,91.481,90.577,91.481,87.94064732
1568872800,1568876399,91.412,92.483,91.412,92.415,68.19604673
1568876400,1568879999,92.372,92.654,92.154,92.154,24.01134158
1568880000,1568883599,92.46,92.46,91.982,91.982,10.67660889
1568883600,1568887199,92.655,92.656,92.236,92.236,4.65
1568887200,1568890799,92.079,94.313,92.079,94.062,252.58431058
1568890800,1568894399,93.913,96.491,93.913,96.491,203.89388426
1568894400,1568897999,96.491,97.63,95.948,96.982,337.05777381
1568898000,1568901599,96.956,97.0,96.513,96.513,7.05179161
1568901600,1568905199,96.41,96.8,96.405,96.8,75.98
1568905200,1568908799,96.844,99.49,96.686,99.49,312.74705788
1568908800,1568912399,99.493,104,98.99,103.961,1372.65668588
1568912400,1568915999,103.959,104,95.194,102.275,1698.56557038
1568916000,1568919599,102.229,103.932,99.605,100,2826.55065629
1568919600,1568923199,99.595,100.0,97.28,100,940.66008243
1568923200,1568926799,99.819,101.0,98.573,99.313,1593.1820291
1568926800,1568930399,99.313,99.808,98.5,99.271,560.73616988
1568930400,1568933999,99.264,99.6,98.287,99.198,770.15741678
1568934000,1568937599,98.86,100.659,98.247,99.935,908.50874909
1568937600,1568941199,100.238,100.792,98.244,98.596,336.74159421
1568941200,1568944799,98.819,98.971,98.0,98.561,427.91291499
1568944800,1568948399,98.561,99.215,98.227,99.0,245.12028589
1568948400,1568951999,99.0,99.978,98.779,99.804,313.233
1568952000,1568955599,99.744,99.753,98.0,98.391,291.63489661
1568955600,1568959199,98.075,98.755,98.075,98.407,152.2898721
1568959200,1568962799,98.407,98.765,96.277,97.129,610.025
1568962800,1568966399,97.098,97.887,96.686,97.336,112.93526414
1568966400,1568969999,97.272,98.592,96.6,97.6,55.797
1568970000,1568973599,97.48,98.028,96.629,97.34,131.895
1568973600,1568977199,97.395,97.972,97.371,97.5,66.98048961
1568977200,1568980799,97.629,97.747,96.858,97.466,172.57543327
1568980800,1568984399,97.358,97.952,97.077,97.933,149.618
1568984400,1568987999,97.933,97.969,96.945,97.571,213.23354692
1568988000,1568991599,97.474,97.555,96.622,97.294,300.66356997
1568991600,1568995199,97.294,97.294,96.264,96.693,186.48674711
1568995200,1568998799,96.997,96.997,95.291,96.284,477.36523891
1568998800,1569002399,96.186,97.437,94.301,95.828,419.77041029
1569002400,1569005999,95.75,96.462,95.723,96.131,133.91363719
1569006000,1569009599,96.131,96.621,95.5,95.691,216.586
1569009600,1569013199,95.691,96.987,94.851,96.254,118.5301451
1569013200,1569016799,96.426,96.538,95.699,96.325,94.46019049
1569016800,1569020399,95.881,96.599,95.88,95.88,148.64943018
1569020400,1569023999,96.108,96.72,95.283,96.65,372.71433398
1569024000,1569027599,96.455,96.942,96.24,96.332,357.419
1569027600,1569031199,96.332,96.988,96.26,96.579,408.334
1569031200,1569034799,96.952,96.952,95.0,95.87,423.28000887
1569034800,1569038399,95.87,96.562,95.01,95.971,111.43283393
1569038400,1569041999,95.547,95.94,95.064,95.257,38.26178778
1569042000,1569045599,95.389,96.08,95.237,96.004,60.0666081
1569045600,1569049199,96.03,96.03,95,95.546,20.053
1569049200,1569052799,95.546,96.044,95,96.044,74.452
1569052800,1569056399,95.674,95.695,95.205,95.688,26.393
1569056400,1569059999,95.613,95.613,94.854,94.926,55.44
1569060000,1569063599,94.8,95.164,94.373,94.373,34.38
1569063600,1569067199,94.858,94.998,94.344,94.998,61.23188927
1569067200,1569070799,94.998,95.0,94.307,94.4,37.904
1569070800,1569074399,94.397,94.483,94.0,94.369,89.4099569
1569074400,1569077999,94.143,94.437,93.721,94.121,134.79816327
1569078000,1569081599,94.079,94.95,94.079,94.616,65.79208294
1569081600,1569085199,94.841,94.841,93.235,93.96,105.12921082
1569085200,1569088799,93.96,93.96,93.001,93.428,189.32242405
1569088800,1569092399,93.265,94.375,92.871,93.594,308.11568844
1569092400,1569095999,93.479,93.81,93.329,93.772,85.54622779
1569096000,1569099599,93.682,93.82,92.962,93.182,150.3187442
1569099600,1569103199,93.251,93.36,92.276,93.158,191.464
1569103200,1569106799,93.158,93.158,92.594,93.0,59.095
1569106800,1569110399,93.0,93.378,92.815,92.853,96.495
1569110400,1569113999,92.916,93.101,91.72,91.989,113.20056276
1569114000,1569117599,92.094,92.094,90.0,91.834,290.52194056
1569117600,1569121199,91.834,93.226,91.57,92.59,181.43441149
1569121200,1569124799,92.537,92.575,92.066,92.5,55.84387466
1569124800,1569128399,92.499,92.653,92.001,92.156,32.95588107
1569128400,1569131999,92.092,92.417,91.801,92.338,35.55226234
1569132000,1569135599,92.471,92.998,92.318,92.908,42.16435385
1569135600,1569139199,92.301,93.238,92.183,93.238,19.87018617
1569139200,1569142799,93.401,94.032,93.007,93.097,19.21728089
1569142800,1569146399,93.293,93.401,93.037,93.223,11.456
1569146400,1569149999,93.465,93.502,93.004,93.004,30.317
1569150000,1569153599,93.199,93.502,92.967,93.202,33.83526247
1569153600,1569157199,93.183,93.409,92.907,93.208,23.804
1569157200,1569160799,93.206,93.512,92.278,93.496,89.152
1569160800,1569164399,92.427,93.419,91.567,91.902,43.29488239
1569164400,1569167999,92.245,92.245,91.562,91.921,54.661
1569168000,1569171599,92.227,92.289,91.731,92.26,25.59420884
1569171600,1569175199,92.224,92.29,91.251,91.515,196.57734004
1569175200,1569178799,91.771,91.803,90.999,90.999,710.42700326
1569178800,1569182399,91.0,91.0,90.823,90.99,109.58946502
1569182400,1569185999,90.99,91,90.794,91,177.48950721
1569186000,1569189599,91.0,91,90.828,91,69.11467075
1569189600,1569193199,90.842,91,90.77,90.953,153.912
1569193200,1569196799,90.77,91,90.725,90.764,57.5099961
1569196800,1569200399,90.805,90.816,90.0,90.311,187.75704863
1569200400,1569203999,90.308,90.845,89.999,90.003,477.65106796
1569204000,1569207599,90.001,90.052,89.157,89.775,188.89354399
1569207600,1569211199,89.775,89.775,89.295,89.304,29.89303406
1569211200,1569214799,89.303,89.635,89.178,89.635,47.58352753
1569214800,1569218399,89.634,89.658,89.152,89.406,36.132
1569218400,1569221999,89.114,90.0,88.47,89.448,42.38534629
1569222000,1569225599,89.338,89.883,87.98,88.011,357.906
1569225600,1569229199,88.46,89.36,88.184,89.36,62.75021019
1569229200,1569232799,89.36,90.0,88.217,89.824,113.582
1569232800,1569236399,89.998,90.0,89.741,89.89,85.075
1569236400,1569239999,89.783,89.89,89.286,89.375,28.976
1569240000,1569243599,89.357,89.998,88.362,89.998,117.722
1569243600,1569247199,89.998,89.998,89.353,89.71,50.94391038
1569247200,1569250799,89.967,90.224,88.189,90.224,103.06153269
1569250800,1569254399,90.265,90.589,89.564,90.27,139.542
1569254400,1569257999,90.52,90.52,89.69,89.746,58.538
1569258000,1569261599,89.935,90.291,89.363,89.569,73.844
1569261600,1569265199,89.54,89.714,89.0,89.0,101.42578116
1569265200,1569268799,89.0,89.613,88.2,88.793,190.43727886
1569268800,1569272399,88.554,89.079,88.35,88.833,113.91848799
1569272400,1569275999,89.09,89.09,87.5,87.941,143.675
1569276000,1569279599,88.0,88.0,86.492,87.281,160.15132228
1569279600,1569283199,87.218,87.26,86.545,86.545,103.86052922
1569283200,1569286799,86.652,87.705,86.446,87.705,152.50123383
1569286800,1569290399,87.905,88.0,87.454,87.464,66.70338471
1569290400,1569293999,87.708,88.0,87.196,87.629,67.50675167
1569294000,1569297599,87.638,87.679,87.03,87.61,57.809
1569297600,1569301199,87.61,87.87,87.074,87.539,86.92208205
1569301200,1569304799,87.549,87.917,87.216,87.906,30.14755574
1569304800,1569308399,87.392,87.991,87.303,87.888,44.53893059
1569308400,1569311999,87.888,87.9,87.452,87.9,11.674
1569312000,1569315599,87.899,87.899,87.236,87.53,13.63220674
1569315600,1569319199,87.552,87.9,87.147,87.9,29.38599052
1569319200,1569322799,87.506,87.842,87.367,87.835,65.454
1569322800,1569326399,87.792,88.0,87.241,87.527,71.59212534
1569326400,1569329999,87.282,87.506,87,87.186,121.74541354
1569330000,1569333599,87.277,87.363,86,86.002,155.04950525
1569333600,1569337199,86.186,86.189,84.89,84.89,696.9375279
1569337200,1569340799,84.882,85.445,82.583,84.26,266.05248974
1569340800,1569344399,84.26,85.48,82.582,82.582,133.82197257
1569344400,1569347999,82.784,83.078,81.564,82.47,136.64247979
1569348000,1569351599,82.47,82.691,75.712,75.719,670.5106116
1569351600,1569355199,79.812,82.0,69.006,75.942,1802.40772068
1569355200,1569358799,75.998,77.599,69.05,72.793,1277.9110594
1569358800,1569362399,72.787,75.274,71.089,74.856,716.67537255
1569362400,1569365999,74.477,87.876,74.0,81.466,1923.41747021
1569366000,1569369599,77.047,80.499,72.03,72.083,458.15581891
1569369600,1569373199,72.252,76.453,71.59,75.992,452.00792611
1569373200,1569376799,75.991,76.12,74.854,76.12,233.67871761
1569376800,1569380399,76.12,77.898,73.131,73.47,102.09127968
1569380400,1569383999,73.689,76.666,73.003,73.46,236.72798619
1569384000,1569387599,74.304,74.458,71.435,73.441,177.02531111
1569387600,1569391199,72.378,88.232,72.041,75.999,684.635027
1569391200,1569394799,75.998,76.394,73.1,73.898,474.20098684
1569394800,1569398399,73.147,73.861,71.188,71.188,191.69891546
1569398400,1569401999,71.651,72.716,68.151,70.454,1391.564
1569402000,1569405599,70.474,72.051,69.855,70.988,255.081
1569405600,1569409199,71.835,72.32,70.026,70.768,165.2658918
1569409200,1569412799,70.754,70.754,69.505,69.946,157.77789136
1569412800,1569416399,69.968,71.345,69.044,70.099,171.59345609
1569416400,1569419999,70.11,71.466,69.617,71.331,164.56106507
1569420000,1569423599,71.474,72.234,70.833,71.0,250.78880543
1569423600,1569427199,71.367,72.207,70.3,70.3,426.04485479
1569427200,1569430799,71.567,71.567,70.001,71.292,176.10276591
1569430800,1569434399,71.477,72.051,70.662,71.118,142.38603222
1569434400,1569437999,71.113,71.899,70.677,71.588,549.189
1569438000,1569441599,71.083,72.135,70.589,71.321,495.93447625
1569441600,1569445199,71.128,73.55,71.128,73.051,313.24818328
1569445200,1569448799,72.923,73.941,72.612,73.724,273.56614682
1569448800,1569452399,73.703,74.674,72.0,72.586,187.77082318
1569452400,1569455999,72.006,73.423,71.449,73.423,291.537
1569456000,1569459599,73.219,73.5,72.741,72.854,272.415
1569459600,1569463199,72.541,72.997,72.288,72.361,65.26112703
1569463200,1569466799,71.787,72.731,71.596,71.798,238.7974074
1569466800,1569470399,71.798,72.227,71.765,71.842,82.41563328
1569470400,1569473999,71.929,72.241,71.8,72.006,39.48942809
1569474000,1569477599,72.006,73.0,72.006,72.986,67.80132394
1569477600,1569481199,72.999,73.26,72.833,72.891,149.258
1569481200,1569484799,72.806,73.75,71.953,72.251,313.97703613
1569484800,1569488399,71.953,72.419,71.629,72.348,125.67176049
1569488400,1569491999,72.538,73.5,72.346,73.305,240.50006823
1569492000,1569495599,73.305,73.436,72.412,72.903,205.92325833
1569495600,1569499199,72.975,73.086,72.7,72.76,168.09672322
1569499200,1569502799,72.607,73.093,72.049,72.79,128.98779717
1569502800,1569506399,72.842,72.914,70.001,70.849,199.792
1569506400,1569509999,71.409,71.628,70.0,70.002,143.52067555
1569510000,1569513599,70.482,70.831,66.671,67.848,189.47237494
1569513600,1569517199,66.8,68.965,65.111,67.599,1056.37157706
1569517200,1569520799,67.5,67.649,66.701,67.639,413.96067725
1569520800,1569524399,67.5,69.971,67.103,69.414,293.7128337
1569524400,1569527999,69.347,69.574,68.286,68.812,92.13
1569528000,1569531599,69.517,69.63,68.594,68.789,271.99481357
1569531600,1569535199,68.711,68.975,67.73,68.807,192.72449575
1569535200,1569538799,68.807,69.5,68.271,69.5,133.85096193
1569538800,1569542399,69.498,69.74,68.448,68.849,85.37226799
1569542400,1569545999,68.448,68.982,67.923,68.079,111.14398517
1569546000,1569549599,68.053,68.522,67.041,68.522,269.342
1569549600,1569553199,68.355,68.925,67.341,68.101,115.37670252
1569553200,1569556799,68.188,68.984,68.097,68.615,64.99162958
1569556800,1569560399,68.434,69.0,67.803,68.106,39.11544952
1569560400,1569563999,68.663,68.735,67.768,68.005,43.32534246
1569564000,1569567599,67.994,68.408,67.613,68.379,126.3252308
1569567600,1569571199,68.379,68.8,68.137,68.796,98.815
1569571200,1569574799,68.8,68.954,68.528,68.727,95.064
1569574800,1569578399,68.752,68.898,67.894,68.605,45.97308449
1569578400,1569581999,68.702,69.05,68.421,68.849,88.796
1569582000,1569585599,68.494,68.747,67.067,67.7,176.46274535
1569585600,1569589199,67.668,68.69,67.302,67.689,75.719
1569589200,1569592799,68.233,68.757,67.655,68.543,229.88320116
1569592800,1569596399,68.559,69.19,67.878,68.069,117.72789483
1569596400,1569599999,68.069,68.627,67.2,68.51,69.83792806
1569600000,1569603599,68.51,69.619,67.823,69.089,179.86542508
1569603600,1569607199,69.113,69.925,68.91,69.761,111.31101152
1569607200,1569610799,69.622,71.001,69.567,71.0,921.19554166
1569610800,1569614399,71.0,71.0,69.952,69.952,498.01925624
1569614400,1569617999,69.894,71.765,69.587,71.1,100.407
1569618000,1569621599,70.69,74.5,70.69,72.471,698.0575743
1569621600,1569625199,72.48,72.789,71.512,71.732,182.93729967
1569625200,1569628799,71.736,72.322,71.355,71.58,89.014
1569628800,1569632399,71.635,71.668,71.286,71.619,151.67095818
1569632400,1569635999,71.603,71.628,70.773,71.465,132.1323356
1569636000,1569639599,71.488,71.617,71.076,71.337,110.075
1569639600,1569643199,71.241,71.458,71.089,71.414,35.183
1569643200,1569646799,71.373,71.969,71.158,71.376,49.96610801
1569646800,1569650399,71.353,71.453,71.074,71.398,77.677
1569650400,1569653999,71.224,71.942,71.162,71.344,61.63522648
1569654000,1569657599,71.344,72.788,71.156,72.312,372.22323933
1569657600,1569661199,72.167,72.675,71.301,71.633,164.641
1569661200,1569664799,71.669,72.07,71.622,72.038,20.56149779
1569664800,1569668399,72.198,72.198,71.412,71.412,30.181
1569668400,1569671999,71.629,71.733,71.3,71.3,30.446
1569672000,1569675599,71.344,71.385,70.41,71.031,102.00941381
1569675600,1569679199,70.853,71.075,70.676,71.01,37.19216651
1569679200,1569682799,71.01,71.265,70.695,70.985,119.81005485
1569682800,1569686399,70.968,71.283,70.233,70.523,170.40799044
1569686400,1569689999,70.531,71.333,70.398,71.212,201.17365303
1569690000,1569693599,71.14,71.719,71.061,71.578,115.77994101
1569693600,1569697199,71.577,71.69,70.987,70.994,93.89428173
1569697200,1569700799,71.153,71.744,70.962,71.604,160.21324643
1569700800,1569704399,71.606,72.315,71.351,72.032,72.331
1569704400,1569707999,71.968,72.021,71.145,71.465,44.444
1569708000,1569711599,71.289,72.604,70.429,71.949,50.708
1569711600,1569715199,72.298,72.418,70.915,71.539,78.54514586
1569715200,1569718799,71.203,72.0,71.0,71.295,60.87
1569718800,1569722399,71.456,71.536,71.104,71.104,192.703
1569722400,1569725999,71.224,71.998,70.898,70.949,128.55924861
1569726000,1569729599,70.951,70.951,70.386,70.816,82.34772771
1569729600,1569733199,70.385,70.867,70.0,70.587,10.051
1569733200,1569736799,70.352,70.58,69.863,70.1,43.58177379
1569736800,1569740399,69.891,70.1,69.802,69.833,32.66628253
1569740400,1569743999,69.994,70.043,68.0,69.536,1282.324
1569744000,1569747599,69.544,70.016,69.351,69.351,129.045
1569747600,1569751199,69.374,69.795,69.374,69.585,30.131
1569751200,1569754799,69.585,69.843,69.007,69.306,89.188
1569754800,1569758399,69.277,69.277,68.234,69.165,139.675
1569758400,1569761999,69.165,69.165,67.783,68.41,294.338
1569762000,1569765599,68.408,68.97,67.833,68.667,78.104
1569765600,1569769199,68.715,68.976,68.079,68.219,159.13881534
1569769200,1569772799,68.192,69.063,68.0,68.036,262.806
1569772800,1569776399,68.061,69.134,68.0,69.11,122.75027464
1569776400,1569779999,69.11,69.119,68.374,68.81,315.21750921
1569780000,1569783599,68.873,68.873,67.592,68.178,78.098
1569783600,1569787199,68.144,68.374,67.53,67.982,94.006
1569787200,1569790799,67.982,68.805,67.531,68.035,74.616
1569790800,1569794399,68.003,68.855,67.783,68.688,51.19289676
1569794400,1569797999,68.65,69.791,68.65,69.477,75.20700978
1569798000,1569801599,69.241,69.481,68.798,69.027,49.215
1569801600,1569805199,69.046,69.2,68.742,68.982,39.438
1569805200,1569808799,69.088,69.089,68.833,68.886,146.2298106
1569808800,1569812399,69.222,69.306,68.825,68.825,53.049
1569812400,1569815999,68.943,69.025,68.81,68.811,47.983
1569816000,1569819599,68.901,69.093,66.442,67.063,370.69293899
1569819600,1569823199,67.628,68.348,66.784,67.137,106.476
1569823200,1569826799,66.938,67.034,66.796,66.934,41.777
1569826800,1569830399,66.743,67.301,66.656,67.198,54.54809525
1569830400,1569833999,67.162,67.742,67.0,67.427,69.197
1569834000,1569837599,67.165,69.147,67.096,69.147,49.717
1569837600,1569841199,69.147,69.913,68.052,69.7,56.06717371
1569841200,1569844799,69.7,69.7,68.952,69.325,49.13027048
1569844800,1569848399,69.315,69.998,69.139,69.667,127.534
1569848400,1569851999,69.724,70.721,68.769,70.241,335.817
1569852000,1569855599,70.113,71.776,69.841,71.472,95.101
1569855600,1569859199,71.567,72.171,71.183,71.639,206.957
1569859200,1569862799,72.221,72.221,71.171,71.613,94.89044552
1569862800,1569866399,71.612,71.698,70.5,70.653,226.43537164
1569866400,1569869999,70.653,71.342,70.643,71.097,132.89907545
1569870000,1569873599,70.967,71.07,70.062,70.686,219.69433951
1569873600,1569877199,70.521,70.602,69.022,69.998,119.58535662
1569877200,1569880799,69.998,70.5,69.652,70.473,58.6378243
1569880800,1569884399,70.427,70.763,70.135,70.598,32.174
1569884400,1569887999,70.599,70.928,70.014,70.922,149.149
1569888000,1569891599,71.188,71.188,70.268,70.468,60.09759852
1569891600,1569895199,70.482,72.081,70.152,71.828,175.17280923
1569895200,1569898799,71.251,72.788,71.251,72.524,393.6326176
1569898800,1569902399,72.48,72.883,71.664,72.108,444.5585962
1569902400,1569905999,72.449,72.636,71.841,72.051,137.42375025
1569906000,1569909599,72.201,72.347,71.524,71.681,98.779
1569909600,1569913199,71.737,71.793,70.63,71.138,44.14182712
1569913200,1569916799,70.957,71.733,70.623,71.726,131.594
1569916800,1569920399,71.621,71.621,71.013,71.375,54.36953806
1569920400,1569923999,71.317,71.436,70.622,71.274,46.519
1569924000,1569927599,71.231,72.116,70.979,71.247,384.899
1569927600,1569931199,71.195,71.26,70.803,71.2,142.649
1569931200,1569934799,71.2,71.989,70.863,71.223,44.02598388
1569934800,1569938399,71.223,71.64,70.717,71.104,82.942
1569938400,1569941999,71.469,71.799,70.759,71.06,238.05721139
1569942000,1569945599,70.892,70.999,70.596,70.999,94.26
1569945600,1569949199,70.995,71,70.678,70.701,119.39111154
1569949200,1569952799,70.917,71,69.44,70.445,369.69621422
1569952800,1569956399,70.094,70.54,69.454,70.025,39.92111703
1569956400,1569959999,69.897,69.968,69.103,69.968,83.21028805
1569960000,1569963599,70.0,70.699,69.643,70.45,84.79697388
1569963600,1569967199,70.348,71.2,69.88,69.997,141.35684242
1569967200,1569970799,69.919,70.819,69.858,70.429,63.09416524
1569970800,1569974399,70.494,70.781,69.853,70.718,180.05660121
1569974400,1569977999,70.479,70.993,69.922,70.425,38.959
1569978000,1569981599,70.555,70.996,70.006,70.12,86.178
1569981600,1569985199,70.011,70.9,69.91,69.91,61.883
1569985200,1569988799,70.441,70.441,69.549,70.253,56.341
1569988800,1569992399,69.581,70.351,69.519,70.025,23.471
1569992400,1569995999,69.834,70.384,69.079,69.753,43.544
1569996000,1569999599,69.713,69.999,69.012,69.886,49.732
1569999600,1570003199,69.879,70.0,69.308,69.814,21.657
1570003200,1570006799,69.285,70,69.285,69.998,20.81
1570006800,1570010399,69.999,70,69.313,70.0,30.536
1570010400,1570013999,70,70,69.666,70.0,31.89970061
1570014000,1570017599,70,70,69.71,69.999,22.337
1570017600,1570021199,70.0,70.427,69.289,69.377,121.144
1570021200,1570024799,69.549,70.015,69.46,69.663,74.51831295
1570024800,1570028399,69.58,69.961,69.454,69.902,29.7
1570028400,1570031999,69.881,70.164,69.749,69.937,63.13788871
1570032000,1570035599,69.773,70.385,69.348,69.923,84.317
1570035600,1570039199,69.69,70.402,69.69,70.402,51.484
1570039200,1570042799,70.34,70.34,69.918,70.214,26.66572642
1570042800,1570046399,70.239,70.58,70.001,70.575,78.76793441
1570046400,1570049999,70.58,70.58,69.142,69.737,181.39995591
1570050000,1570053599,69.521,69.912,69.521,69.911,24.18341821
1570053600,1570057199,69.911,70.493,69.692,70.0,115.46558179
1570057200,1570060799,70.5,71.108,69.867,70.877,71.97349724
1570060800,1570064399,71.109,71.232,70.489,70.745,63.53934684
1570064400,1570067999,70.737,70.795,70.139,70.668,186.23226126
1570068000,1570071599,70.577,70.746,70.37,70.74,52.145
1570071600,1570075199,70.706,70.772,70.371,70.719,37.45501132
1570075200,1570078799,70.677,71.041,70.469,70.848,98.46812579
1570078800,1570082399,70.852,70.934,70.36,70.433,32.802
1570082400,1570085999,70.229,70.479,70,70.0,23.575
1570086000,1570089599,70.0,70.999,70,70.318,299.46221126
1570089600,1570093199,70.44,70.509,70.192,70.321,24.234
1570093200,1570096799,70.5,70.5,70.224,70.304,13.362
1570096800,1570100399,70.468,70.483,69.55,69.587,97.46236214
1570100400,1570103999,69.52,70.169,69.294,69.435,162.982
1570104000,1570107599,69.451,69.826,69.294,69.379,47.77688369
1570107600,1570111199,69.494,69.795,69.29,69.509,90.892
1570111200,1570114799,69.483,69.489,68.006,68.327,165.1027122
1570114800,1570118399,68.322,68.688,68.008,68.611,72.01303171
1570118400,1570121999,68.625,69.369,68.524,69.11,104.78893109
1570122000,1570125599,69.281,69.997,68.966,69.505,91.66780934
1570125600,1570129199,69.523,69.998,68.848,69.257,125.19972699
1570129200,1570132799,69.21,69.402,68.071,68.071,103.641
1570132800,1570136399,68.745,69.899,68.5,68.754,56.31093692
1570136400,1570139999,68.754,69.723,68.541,69.013,76.27862085
1570140000,1570143599,68.979,69.351,68.503,69.351,34.063
1570143600,1570147199,69.129,69.875,69.112,69.53,18.108
1570147200,1570150799,69.328,69.579,68.5,68.827,59.35206305
1570150800,1570154399,68.9,69.119,68.283,68.597,75.69114452
1570154400,1570157999,68.598,69.194,68.597,68.726,226.55
1570158000,1570161599,68.874,69.197,68.874,69.193,46.63240198
1570161600,1570165199,69.193,69.193,68.5,68.5,20.186
1570165200,1570168799,68.574,69.196,68.574,69.004,78.2405525
1570168800,1570172399,69.004,69.167,68.716,69.025,17.89
1570172400,1570175999,68.847,69.229,68.494,68.663,43.816
1570176000,1570179599,68.653,68.918,68.349,68.444,40.91
1570179600,1570183199,68.274,68.715,68.002,68.399,123.29
1570183200,1570186799,68.549,69.195,68.549,68.869,80.03147528
1570186800,1570190399,68.7,69.159,68.7,69.159,38.854
1570190400,1570193999,69.218,69.218,68.734,69.194,129.827
1570194000,1570197599,69.135,69.842,69.135,69.814,29.503
1570197600,1570201199,69.869,69.994,69.448,69.968,71.07285271
1570201200,1570204799,69.789,70.039,69.523,70.039,72.76375989
1570204800,1570208399,69.975,70.351,69.806,70.157,107.12764747
1570208400,1570211999,70.154,70.154,69.728,69.822,92.409
1570212000,1570215599,70.058,70.331,69.863,70.121,55.609
1570215600,1570219199,70.332,70.332,70.018,70.322,59.10101941
1570219200,1570222799,70.322,70.483,69.563,69.563,31.15867753
1570222800,1570226399,69.788,70.429,69.373,69.994,159.78756643
1570226400,1570229999,69.994,70.573,69.796,69.854,75.29875696
1570230000,1570233599,70.016,70.154,69.749,69.864,35.16203688
1570233600,1570237199,69.846,70.019,69.468,69.953,126.43778871
1570237200,1570240799,70.035,70.035,69.326,69.326,66.066
1570240800,1570244399,69.326,69.393,69.0,69.25,50.422
1570244400,1570247999,69.25,70.103,69.101,69.923,111.674
1570248000,1570251599,69.849,69.992,69.661,69.961,31.41655693
1570251600,1570255199,69.912,69.954,69.695,69.792,38.88675128
1570255200,1570258799,69.629,69.902,69.505,69.787,73.605
1570258800,1570262399,69.774,69.836,69.553,69.731,13.22528008
1570262400,1570265999,69.656,69.738,69.269,69.651,18.915
1570266000,1570269599,69.505,69.66,69.227,69.241,19.715
1570269600,1570273199,69.379,69.589,69.245,69.245,23.092
1570273200,1570276799,69.454,69.794,68.963,69.253,92.074
1570276800,1570280399,69.287,69.486,68.988,69.301,147.45437324
1570280400,1570283999,69.277,69.277,68.862,69.222,94.256
1570284000,1570287599,69.424,69.424,68.911,68.941,32.641
1570287600,1570291199,69.049,69.322,68.341,69.322,162.21349781
1570291200,1570294799,69.361,69.592,68.782,69.129,37.342
1570294800,1570298399,69.106,69.168,68.826,68.852,77.44108205
1570298400,1570301999,69.121,69.758,68.516,69.417,157.76479595
1570302000,1570305599,69.411,69.593,69.284,69.381,23.372
1570305600,1570309199,69.37,69.623,69.302,69.561,41.66177722
1570309200,1570312799,69.573,70.35,69.417,70.244,49.257
1570312800,1570316399,70.248,70.35,69.792,70.173,28.509
1570316400,1570319999,70.164,70.208,69.872,69.949,22.03303583
1570320000,1570323599,70.215,70.314,69.921,70.309,17.299
1570323600,1570327199,70.135,70.135,68.896,69.233,34.54333082
1570327200,1570330799,69.278,69.552,69.198,69.518,38.851
1570330800,1570334399,69.45,69.874,69.216,69.841,27.53240397
1570334400,1570337999,69.64,70.286,69.481,70.254,49.509
1570338000,1570341599,70.399,70.4,69.918,70.4,78.881
1570341600,1570345199,70.4,71.178,69.321,69.988,119.2207935
1570345200,1570348799,69.89,69.959,69.421,69.952,29.935
1570348800,1570352399,69.851,69.851,69.161,69.213,119.733
1570352400,1570355999,69.303,69.756,69.104,69.756,57.477
1570356000,1570359599,69.521,69.723,69.329,69.5,22.426
1570359600,1570363199,69.5,70.851,69.393,70.783,78.88661007
1570363200,1570366799,70.812,71.405,69.995,71.107,151.91866079
1570366800,1570370399,70.514,71.097,70.001,70.004,178.293
1570370400,1570373999,70.006,70.187,68.746,70.115,236.489
1570374000,1570377599,70.103,71.051,69.559,70.288,127.49937954
1570377600,1570381199,70.274,70.439,69.479,69.67,72.55744131
1570381200,1570384799,69.925,70.055,69.671,69.876,26.17446646
1570384800,1570388399,69.876,70.154,68.0,68.005,101.75650334
1570388400,1570391999,68.331,69.064,68.211,69.037,94.5809544
1570392000,1570395599,69.022,69.401,68.38,69.151,79.271
1570395600,1570399199,68.595,70.107,68.595,69.913,287.418
1570399200,1570402799,69.893,69.893,68.784,68.924,83.272
1570402800,1570406399,69.098,69.604,68.556,69.537,132.84952813
1570406400,1570409999,69.156,69.397,68.562,68.895,78.75619483
1570410000,1570413599,69.01,69.311,68.708,69.139,130.631
1570413600,1570417199,69.013,69.554,68.002,68.751,315.48381807
1570417200,1570420799,69.286,69.286,68.884,69.141,15.29346314
1570420800,1570424399,69.2,69.329,68.825,69.327,54.61517621
1570424400,1570427999,69.065,69.313,68.765,69.105,36.72693916
1570428000,1570431599,68.946,68.946,68.146,68.494,40.75909515
1570431600,1570435199,68.83,69.085,68.636,68.797,29.824
1570435200,1570438799,69.185,69.54,69.185,69.302,23.67210136
1570438800,1570442399,69.155,69.41,68.934,69.304,27.439
1570442400,1570445999,69.536,70.446,69.201,70.144,71.330973
1570446000,1570449599,70.018,70.536,69.853,70.192,142.10804229
1570449600,1570453199,70.388,71.786,70.388,71.346,168.80814612
1570453200,1570456799,70.983,71.614,70.983,71.19,166.651675
1570456800,1570460399,71.119,71.366,71.0,71.366,78.736
1570460400,1570463999,71.268,71.519,71.003,71.085,143.34697394
1570464000,1570467599,71.386,72.429,71.001,72.35,228.019
1570467600,1570471199,72.351,72.351,71.253,72.099,134.82647828
1570471200,1570474799,72.1,72.1,71.249,71.525,157.43056115
1570474800,1570478399,71.623,71.772,70.558,71.651,248.295
1570478400,1570481999,71.318,71.623,70.794,71.045,101.27609248
1570482000,1570485599,71.061,71.422,70.686,71.022,80.68017294
1570485600,1570489199,71.01,71.589,70.659,71.422,44.25691503
1570489200,1570492799,71.327,71.442,70.747,71.007,44.56383013
1570492800,1570496399,71.26,71.31,70.742,71.067,33.43
1570496400,1570499999,71.069,71.989,70.7,71.759,150.87838467
1570500000,1570503599,71.723,73.999,70.711,71.784,1014.64675734
1570503600,1570507199,71.564,73.935,71.17,73.878,1026.97179016
1570507200,1570510799,73.76,104.036,73.027,77.984,8242.00814772
1570510800,1570514399,77.893,83.999,73.0,73.488,3700.56142682
1570514400,1570517999,73.598,74.198,73.25,73.68,228.26768957
1570518000,1570521599,73.736,73.749,73.265,73.404,319.88781665
1570521600,1570525199,73.401,73.441,72.118,72.821,287.91717317
1570525200,1570528799,72.82,73.689,72.499,72.95,180.36
1570528800,1570532399,72.95,73.728,72.75,73.659,231.49822026
1570532400,1570535999,73.002,73.612,72.75,72.975,328.29945776
1570536000,1570539599,72.851,74.084,72.376,73.443,628.02071458
1570539600,1570543199,73.663,74.314,72.882,73.466,307.89857842
1570543200,1570546799,73.459,73.857,72.667,72.667,304.28002443
1570546800,1570550399,73.083,73.51,72.0,72.0,350.30879949
1570550400,1570553999,72.045,72.997,71.485,71.889,468.09998982
1570554000,1570557599,71.888,72.194,71.251,71.446,399.89327316
1570557600,1570561199,71.422,71.803,69.902,70.546,3220.14051492
1570561200,1570564799,70.581,71.737,70.501,70.521,250.53538642
1570564800,1570568399,70.65,70.971,70.18,70.372,153.47633698
1570568400,1570571999,70.607,70.887,70.001,70.858,371.5473637
1570572000,1570575599,70.7,71.603,70.7,71.004,385.12330065
1570575600,1570579199,71.004,71.109,70.3,71.058,536.53188497
1570579200,1570582799,70.669,71.1,70.532,71.06,150.75476391
1570582800,1570586399,71.06,71.177,70.685,71.145,58.25950646
1570586400,1570589999,70.913,71.299,70.464,70.96,421.39640973
1570590000,1570593599,70.989,71.218,70.315,70.319,280.7096903
1570593600,1570597199,70.309,71.189,70.308,70.351,404.68137235
1570597200,1570600799,70.548,71.098,70.401,70.401,551.49779347
1570600800,1570604399,70.549,70.866,70.458,70.67,129.50596218
1570604400,1570607999,70.595,71.054,70.428,70.702,625.67968224
1570608000,1570611599,70.887,71.17,70.619,71.096,135.092
1570611600,1570615199,71.109,71.559,70.94,71.347,296.04271792
1570615200,1570618799,71.347,71.596,71.11,71.21,169.64220158
1570618800,1570622399,71.137,71.59,70.948,71.372,190.72099271
1570622400,1570625999,71.586,71.603,71.083,71.443,188.125
1570626000,1570629599,71.474,72.06,70.985,72.06,130.11363236
1570629600,1570633199,72.059,73.7,71.544,73.144,1111.99488628
1570633200,1570636799,73.149,74.752,72.965,73.409,1813.20953022
1570636800,1570640399,73.445,73.949,72.912,73.25,1125.84703421
1570640400,1570643999,72.922,74.098,72.922,73.456,762.79724236
1570644000,1570647599,73.419,74.238,73.261,73.764,679.10337144
1570647600,1570651199,73.755,73.998,73.313,73.71,254.36604419
1570651200,1570654799,73.758,74.431,73.565,73.851,666.39395676
1570654800,1570658399,73.852,73.943,72.901,73.25,420.64580702
1570658400,1570661999,73.25,74.5,73.09,74.137,244.03125273
1570662000,1570665599,74.3,74.5,73.258,73.698,247.854
1570665600,1570669199,74.373,74.99,73.724,74.067,417.79708138
1570669200,1570672799,74.0,74.289,72.498,73.462,540.89382939
1570672800,1570676399,73.461,73.523,72.729,73.415,303.83288037
1570676400,1570679999,73.415,73.8,73.011,73.372,231.34122611
1570680000,1570683599,73.372,74.038,73.267,73.499,59.2288169
1570683600,1570687199,73.489,73.681,73.094,73.43,81.1452473
1570687200,1570690799,73.323,73.676,72.865,73.067,179.24612018
1570690800,1570694399,73.049,73.857,72.79,73.152,88.489
1570694400,1570697999,73.188,73.397,72.586,72.697,58.137
1570698000,1570701599,72.488,72.594,71.88,72.023,30.539
1570701600,1570705199,71.8,72.248,71.5,71.815,274.70248616
1570705200,1570708799,71.767,72.15,71.505,71.8,370.4768342
1570708800,1570712399,72.103,72.128,70.701,71.001,274.65320662
1570712400,1570715999,71.024,71.821,70.702,71.216,114.412
1570716000,1570719599,71.093,72.249,70.947,72.249,92.94080551
1570719600,1570723199,72.218,72.248,71.419,71.894,184.777
1570723200,1570726799,71.65,72.222,71.376,72.109,138.78330121
1570726800,1570730399,71.867,71.977,71.37,71.583,35.5030995
1570730400,1570733999,71.309,72.174,71.3,71.819,128.63769737
1570734000,1570737599,71.941,72.623,71.727,72.486,182.174
1570737600,1570741199,72.467,73.441,72.415,72.724,80.625
1570741200,1570744799,72.72,72.838,72.158,72.237,58.86796725
1570744800,1570748399,72.262,72.797,72.21,72.686,103.576
1570748400,1570751999,72.772,72.843,72.593,72.603,168.007
1570752000,1570755599,72.811,72.843,72.421,72.664,95.413
1570755600,1570759199,72.78,72.843,71.963,72.843,111.10358084
1570759200,1570762799,72.245,72.882,72.236,72.487,155.90812753
1570762800,1570766399,72.426,73.083,72.275,73.036,148.721
1570766400,1570769999,72.963,73.891,72.48,73.718,114.45918475
1570770000,1570773599,73.655,73.959,71.112,71.48,313.52695025
1570773600,1570777199,71.113,71.443,70.949,71.138,88.886
1570777200,1570780799,71.135,71.309,70.717,70.717,259.469
1570780800,1570784399,70.717,70.864,70.001,70.28,165.564
1570784400,1570787999,70.269,71.049,70.071,70.209,329.74444289
1570788000,1570791599,70.31,73.752,69.761,71.645,522.73852133
1570791600,1570795199,71.5,71.915,70.568,71.26,102.904
1570795200,1570798799,71.286,71.349,71.001,71.203,43.97999511
1570798800,1570802399,71.001,71.518,70.632,71.36,61.986
1570802400,1570805999,71.098,71.275,70.228,71.0,231.812
1570806000,1570809599,71.0,71.894,70.99,71.658,456.59616086
1570809600,1570813199,71.508,71.574,70.5,71.044,128.47567236
1570813200,1570816799,70.592,71.165,70.592,70.793,63.00581843
1570816800,1570820399,70.622,70.851,70.089,70.365,102.338
1570820400,1570823999,70.3,70.563,70.3,70.498,41.877
1570824000,1570827599,70.498,70.729,70.087,70.162,43.08053258
1570827600,1570831199,70.281,70.29,69.8,69.956,164.282
1570831200,1570834799,69.955,70.364,69.802,69.86,167.66407252
1570834800,1570838399,69.963,70.232,69.5,69.5,69.71206285
1570838400,1570841999,69.681,70.289,69.5,69.721,36.206
1570842000,1570845599,69.734,70.295,69.487,70.295,158.624
1570845600,1570849199,70.295,70.37,69.709,70.117,112.20558282
1570849200,1570852799,70.132,70.2,69.949,70.17,41.14188488
1570852800,1570856399,70.211,70.322,69.901,70.28,31.74057659
1570856400,1570859999,70.327,70.616,69.999,70.468,49.78391996
1570860000,1570863599,70.468,70.494,69.782,70.306,296.42
1570863600,1570867199,70.306,70.485,70.112,70.366,44.813
1570867200,1570870799,70.33,70.411,70.101,70.411,109.906
1570870800,1570874399,70.412,70.436,70.157,70.258,44.33
1570874400,1570877999,70.171,70.171,69.75,69.925,48.937
1570878000,1570881599,69.886,70.25,69.886,70.04,9.239
1570881600,1570885199,70.144,70.363,69.933,70.363,39.786
1570885200,1570888799,70.277,70.399,70.092,70.092,16.945
1570888800,1570892399,70.104,70.763,70.1,70.763,121.90819782
1570892400,1570895999,70.643,73.871,70.547,72.531,801.88096301
1570896000,1570899599,72.531,72.531,71.861,71.889,248.03284505
1570899600,1570903199,72.065,72.125,71.5,71.5,128.14550038
1570903200,1570906799,71.509,72.093,71.233,71.514,181.019
1570906800,1570910399,71.532,71.622,71.115,71.436,51.954
1570910400,1570913999,71.435,71.522,71.176,71.176,42.04007331
1570914000,1570917599,71.384,71.444,71.117,71.235,25.612
1570917600,1570921199,71.447,71.453,71.051,71.128,47.37995797
1570921200,1570924799,71.0,71.146,70.627,70.627,193.52564713
1570924800,1570928399,70.611,71.015,70.515,70.967,48.44025183
1570928400,1570931999,70.786,71.299,70.764,70.986,70.848
1570932000,1570935599,71.272,71.876,71.099,71.876,133.5922617
1570935600,1570939199,71.841,71.865,71.46,71.486,43.66924616
1570939200,1570942799,71.486,71.789,71.48,71.543,43.21766566
1570942800,1570946399,71.358,71.512,71.047,71.321,40.14135525
1570946400,1570949999,71.114,71.329,70.965,71.126,18.04866102
1570950000,1570953599,71.119,71.396,70.889,70.986,35.03290873
1570953600,1570957199,71.153,71.223,70.846,71.223,9.912
1570957200,1570960799,71.286,71.62,70.975,71.62,34.096
1570960800,1570964399,71.681,71.731,71.175,71.524,19.95690887
1570964400,1570967999,71.777,71.777,71.115,71.254,9.979
1570968000,1570971599,71.255,71.781,70.94,71.448,224.82209943
1570971600,1570975199,71.439,71.828,71.403,71.722,100.369
1570975200,1570978799,71.77,71.843,71.299,71.665,56.02480284
1570978800,1570982399,71.753,71.789,71.17,71.549,158.46536648
1570982400,1570985999,71.549,72.051,71.435,71.771,132.86664104
1570986000,1570989599,71.608,71.802,71.451,71.454,36.299
1570989600,1570993199,71.761,71.78,71.547,71.747,53.427
1570993200,1570996799,71.566,71.8,71.566,71.799,68.743
1570996800,1571000399,71.799,71.8,70.01,70.703,263.8847185
1571000400,1571003999,70.642,70.717,70.424,70.574,32.078
1571004000,1571007599,70.693,71.131,70.55,70.794,23.90307846
1571007600,1571011199,70.817,70.92,70.278,70.506,51.12612604
1571011200,1571014799,70.279,70.747,70.226,70.6,76.37892228
1571014800,1571018399,70.625,70.903,70.56,70.903,84.06292953
1571018400,1571021999,70.904,71.394,70.71,70.968,199.81771271
1571022000,1571025599,70.942,71.76,70.799,71.12,56.657
1571025600,1571029199,71.348,71.81,71.149,71.396,190.696
1571029200,1571032799,71.421,71.675,71.177,71.305,31.793
1571032800,1571036399,71.109,71.403,71.0,71.001,209.575
1571036400,1571039999,71.0,71.439,70.74,70.868,133.91094546
1571040000,1571043599,70.803,70.918,70.74,70.836,66.16
1571043600,1571047199,71.194,71.443,70.892,71.439,16.434
1571047200,1571050799,71.076,71.076,70.647,70.725,129.398
1571050800,1571054399,70.772,70.947,70.501,70.501,29.08336727
1571054400,1571057999,70.5,70.965,70.5,70.666,36.758
1571058000,1571061599,70.648,70.973,70.5,70.817,32.006
1571061600,1571065199,70.816,70.881,70.467,70.65,80.29173233
1571065200,1571068799,70.65,70.695,70.23,70.336,154.641
1571068800,1571072399,70.336,71.434,70.004,71.07,155.86184225
1571072400,1571075999,71.095,71.244,70.78,70.845,155.01614735
1571076000,1571079599,70.795,71.245,70.757,71.245,128.034
1571079600,1571083199,70.968,71.199,70.634,70.853,106.585
1571083200,1571086799,70.942,71.098,70.501,70.889,258.46385888
1571086800,1571090399,70.634,71.204,70.291,70.295,387.76826902
1571090400,1571093999,70.357,71.384,70.326,70.975,73.6163267
1571094000,1571097599,71.149,71.404,70.912,71.404,19.38715236
1571097600,1571101199,71.239,71.403,71.017,71.264,226.31713827
1571101200,1571104799,71.238,71.26,70.934,71.039,61.12934287
1571104800,1571108399,71.033,73.092,70.867,71.725,528.65141101
1571108400,1571111999,71.749,71.862,71.375,71.753,19.306
1571112000,1571115599,71.742,71.77,71.209,71.61,332.89960043
1571115600,1571119199,71.415,72.317,71.409,72.055,969.94665439
1571119200,1571122799,72.054,73.251,71.481,72.757,1226.74450488
1571122800,1571126399,72.023,73.001,71.969,72.076,792.44397767
1571126400,1571129999,71.792,72.923,71.001,71.248,115.294
1571130000,1571133599,71.255,71.354,70.928,70.928,18.178
1571133600,1571137199,71.154,71.979,71.149,71.863,57.145
1571137200,1571140799,71.625,72.898,71.487,72.897,31.677
1571140800,1571144399,72.774,73.0,72.604,72.93,303.164
1571144400,1571147999,72.93,72.94,72.32,72.457,227.44363597
1571148000,1571151599,72.609,72.838,72.025,72.245,178.28840308
1571151600,1571155199,72.219,72.724,71.372,72.604,456.328
1571155200,1571158799,72.356,72.463,70.789,70.921,309.405
1571158800,1571162399,70.897,71.221,70.735,70.938,120.38525971
1571162400,1571165999,71.038,71.692,70.855,71.011,134.90636623
1571166000,1571169599,71.148,71.487,70.866,71.27,90.683
1571169600,1571173199,71.399,71.471,70.947,70.974,336.14579034
1571173200,1571176799,71.162,71.294,70.743,71.232,185.59665815
1571176800,1571180399,71.222,72.003,71.177,71.441,744.65883762
1571180400,1571183999,71.413,71.675,71.108,71.675,200.8354515
1571184000,1571187599,71.406,71.547,71.281,71.419,15.38179958
1571187600,1571191199,71.415,71.66,71.045,71.327,68.04513363
1571191200,1571194799,71.306,71.774,70.7,70.7,320.179
1571194800,1571198399,70.711,71.621,70.7,71.303,365.63033857
1571198400,1571201999,71.171,72,71.148,71.158,200.849
1571202000,1571205599,71.411,73,71.107,71.762,1293.18
1571205600,1571209199,71.73,71.763,71.42,71.42,90.325
1571209200,1571212799,71.42,71.421,70.7,70.7,64.68444157
1571212800,1571216399,70.705,70.874,70.7,70.701,206.991
1571216400,1571219999,70.893,70.912,70.7,70.706,114.762
1571220000,1571223599,70.881,71.378,70.802,71.378,21.626
1571223600,1571227199,71.066,71.306,70.121,70.364,310.498
1571227200,1571230799,70.27,70.27,68.5,68.654,367.2654912
1571230800,1571234399,68.932,69.444,68.651,69.084,317.12511336
1571234400,1571237999,68.955,69.049,67.538,67.798,791.261
1571238000,1571241599,67.786,68.982,67.547,67.931,255.75896374
1571241600,1571245199,67.524,68.633,67.524,68.295,229.57470907
1571245200,1571248799,68.193,69.791,64.963,66.724,4315.05860615
1571248800,1571252399,67.102,67.15,66.581,67.008,455.14095979
1571252400,1571255999,66.994,67.604,66.393,67.354,420.30395657
1571256000,1571259599,67.501,67.84,67.289,67.685,155.71730599
1571259600,1571263199,67.917,67.988,67.502,67.547,174.94266201
1571263200,1571266799,67.747,67.863,67.259,67.863,472.69886132
1571266800,1571270399,67.891,69.0,67.581,68.194,383.0991298
1571270400,1571273999,67.984,68.254,67.087,67.865,393.84037608
1571274000,1571277599,67.836,68.14,67.623,67.798,130.73956965
1571277600,1571281199,67.777,67.777,66.943,67.58,667.4634612
1571281200,1571284799,67.393,67.829,67.278,67.278,108.60693188
1571284800,1571288399,67.283,67.546,67.192,67.343,73.9162835
1571288400,1571291999,67.388,67.754,67.172,67.544,74.62806986
1571292000,1571295599,67.761,67.761,67.497,67.556,64.065
1571295600,1571299199,67.764,67.966,67.415,67.641,37.679
1571299200,1571302799,67.633,68.695,67.626,68.665,127.43670541
1571302800,1571306399,68.457,68.766,68.397,68.65,19.529
1571306400,1571309999,68.693,68.997,68.54,68.629,44.98
1571310000,1571313599,68.547,68.987,68.495,68.891,39.394
1571313600,1571317199,68.734,68.999,68.429,68.999,128.701
1571317200,1571320799,68.995,69.222,68.924,69.111,108.22269914
1571320800,1571324399,69.27,69.361,68.945,69.282,169.7953633
1571324400,1571327999,69.355,69.879,69.066,69.697,67.53858001
1571328000,1571331599,69.626,70.26,69.415,69.744,215.52087247
1571331600,1571335199,69.754,70.0,69.633,69.92,48.29498619
1571335200,1571338799,70.0,70.595,69.63,69.63,501.19679728
1571338800,1571342399,69.464,70.105,69.017,69.017,275.01568041
1571342400,1571345999,69.017,69.28,68.666,68.765,264.607
1571346000,1571349599,68.726,68.782,68.563,68.563,156.98997792
1571349600,1571353199,68.782,68.782,68.275,68.615,114.15249575
1571353200,1571356799,68.666,69.08,68.652,69.028,63.44585072
1571356800,1571360399,69.043,69.087,68.555,68.86,65.188
1571360400,1571363999,68.753,69.168,68.522,69.159,28.098
1571364000,1571367599,69.009,69.269,69.009,69.04,147.16053149
1571367600,1571371199,68.969,68.969,68.637,68.659,9.22
1571371200,1571374799,68.821,68.861,68.677,68.719,29.92379616
1571374800,1571378399,68.719,68.79,67.12,67.373,77.524
1571378400,1571381999,67.373,67.853,66.744,67.826,435.49665138
1571382000,1571385599,67.659,67.821,67.396,67.463,88.56359989
1571385600,1571389199,67.638,67.638,67.0,67.216,29.20358052
1571389200,1571392799,67.389,67.434,67.148,67.434,28.952
1571392800,1571396399,67.304,67.588,67.142,67.294,63.013
1571396400,1571399999,67.352,67.758,67.352,67.703,32.23309978
1571400000,1571403599,67.679,68.511,67.605,68.001,85.859
1571403600,1571407199,68.012,68.199,67.942,68.074,7.413
1571407200,1571410799,67.693,68.192,67.34,67.932,136.76
1571410800,1571414399,67.932,68.005,67.37,67.507,88.31183619
1571414400,1571417999,67.507,68.572,67.507,68.248,36.226
1571418000,1571421599,68.572,68.573,67.969,68.247,34.576
1571421600,1571425199,68.462,68.996,68.28,68.52,51.05
1571425200,1571428799,68.829,68.829,68.413,68.413,36.587
1571428800,1571432399,68.622,68.622,68.217,68.513,38.504
1571432400,1571435999,68.509,68.567,68.19,68.273,28.936
1571436000,1571439599,68.471,68.554,68.207,68.226,39.947
1571439600,1571443199,68.255,68.265,67.769,68.099,62.63935101
1571443200,1571446799,68.0,68.053,67.663,67.856,87.939
1571446800,1571450399,67.692,68.059,67.692,67.969,32.264
1571450400,1571453999,67.875,68.04,67.726,68.04,3.3291244
1571454000,1571457599,68.037,68.372,67.864,68.248,52.17711931
1571457600,1571461199,68.235,68.355,68.044,68.247,4.206
1571461200,1571464799,68.215,68.215,67.828,68.074,25.483
1571464800,1571468399,68.011,68.035,67.58,67.793,45.894
1571468400,1571471999,67.48,67.819,67.389,67.416,17.48686975
1571472000,1571475599,68.477,68.477,67.879,67.946,58.419
1571475600,1571479199,68.104,68.104,67.548,67.752,43.315
1571479200,1571482799,67.696,67.737,67.447,67.737,6.009
1571482800,1571486399,67.553,67.963,67.553,67.781,19.51
1571486400,1571489999,68.12,68.806,67.432,68.23,78.112
1571490000,1571493599,68.442,68.646,67.656,67.987,22.346
1571493600,1571497199,67.998,68.075,67.818,68.046,64.08960775
1571497200,1571500799,68.04,68.04,67.504,67.578,45.671
1571500800,1571504399,67.846,67.846,67.504,67.626,37.521
1571504400,1571507999,67.715,67.795,67.391,67.795,123.116
1571508000,1571511599,67.789,67.807,67.501,67.711,43.607
1571511600,1571515199,67.678,67.755,67.39,67.691,36.88722526
1571515200,1571518799,67.439,67.725,67.156,67.351,113.66425967
1571518800,1571522399,67.529,67.632,67.207,67.632,17.795
1571522400,1571525999,67.656,67.664,67.096,67.386,79.903
1571526000,1571529599,67.185,67.5,67.104,67.5,21.73127564
1571529600,1571533199,67.492,67.621,67.199,67.387,100.99248866
1571533200,1571536799,67.391,67.455,67.208,67.327,59.19257399
1571536800,1571540399,67.249,67.417,67.12,67.377,15.44247912
1571540400,1571543999,67.357,67.357,67.047,67.157,91.89601822
1571544000,1571547599,67.163,67.441,67.064,67.248,39.05966097
1571547600,1571551199,67.571,67.644,67.211,67.381,129.074
1571551200,1571554799,67.604,67.714,67.377,67.419,30.552
1571554800,1571558399,67.377,67.65,67.377,67.65,6.461
1571558400,1571561999,67.328,67.719,67.328,67.719,11.923
1571562000,1571565599,67.672,68.347,67.672,67.915,22.512
1571565600,1571569199,67.986,68.008,67.769,67.769,17.371
1571569200,1571572799,68.042,68.143,67.745,67.745,6.55688414
1571572800,1571576399,67.89,68.277,67.683,68.038,15.116
1571576400,1571579999,68.046,68.109,67.827,67.864,23.92353553
1571580000,1571583599,68.129,68.686,67.937,68.686,164.02996497
1571583600,1571587199,68.685,69.105,68.418,68.797,803.90936574
1571587200,1571590799,68.801,69.311,68.801,69.264,122.92274628
1571590800,1571594399,69.206,69.44,68.939,69.327,128.63671772
1571594400,1571597999,69.204,69.472,68.908,69.305,68.92024826
1571598000,1571601599,69.305,69.879,69.251,69.861,28.54976477
1571601600,1571605199,69.919,70.121,69.367,69.367,164.90701123
1571605200,1571608799,69.586,69.72,69.329,69.329,47.728
1571608800,1571612399,69.304,69.549,69.304,69.343,97.664
1571612400,1571615999,69.46,69.46,69.025,69.252,24.413
1571616000,1571619599,69.323,69.323,69.034,69.313,59.893
1571619600,1571623199,69.135,69.271,68.812,68.945,23.064
1571623200,1571626799,69.212,69.681,69.05,69.64,64.74764451
1571626800,1571630399,69.536,69.694,69.358,69.6,78.941
1571630400,1571633999,69.455,69.6,69.422,69.6,54.036
1571634000,1571637599,69.438,69.76,69.438,69.76,6.62
1571637600,1571641199,69.759,69.863,69.482,69.762,38.002
1571641200,1571644799,69.734,69.757,69.464,69.636,8.543
1571644800,1571648399,69.451,69.458,68.998,69.258,52.035
1571648400,1571651999,69.261,69.261,68.958,69.15,9.489
1571652000,1571655599,69.254,69.968,69.2,69.968,58.394
1571655600,1571659199,69.965,69.975,69.024,69.057,48.15829334
1571659200,1571662799,68.935,69.61,68.935,69.207,32.194
1571662800,1571666399,69.445,69.563,69.207,69.364,20.841
1571666400,1571669999,69.345,69.591,68.924,69.503,41.811
1571670000,1571673599,69.431,69.431,67.767,68.045,974.2636992
1571673600,1571677199,68.15,68.327,67.959,68.32,193.95420174
1571677200,1571680799,68.339,69.131,68.111,68.647,135.73964177
1571680800,1571684399,68.798,68.915,68.446,68.461,103.68410226
1571684400,1571687999,68.457,68.936,68.455,68.824,259.06989774
1571688000,1571691599,68.648,68.995,68.648,68.938,114.29918921
1571691600,1571695199,68.934,69.19,68.8,69.052,144.8458228
1571695200,1571698799,68.827,69.081,68.008,68.655,173.074
1571698800,1571702399,68.817,68.979,68.595,68.979,48.701
1571702400,1571705999,68.849,68.849,68.376,68.379,69.053
1571706000,1571709599,68.82,68.865,68.428,68.587,150.28992547
1571709600,1571713199,68.407,69.02,68.407,69.02,40.932
1571713200,1571716799,69.019,69.268,68.916,69.261,30.10683433
1571716800,1571720399,69.116,69.714,68.98,69.69,113.48991927
1571720400,1571723999,69.628,69.628,69.119,69.433,25.811
